id_estudiante,nombre,edad,genero,pais,horas_estudio_semanal,sesiones_totales,tareas_completadas,tareas_totales,participacion_foros,promedio_evaluaciones,dispositivo_principal,horario_estudio,nivel_educacion,experiencia_previa,monto_inversion,plataforma_origen,curso_completado,puntaje_satisfaccion
1,Estudiante_1,56,Otro,Argentina,16,10,31,50,57,64.25,Mobile,Noche,Posgrado,Sí,879,Google,0,4.4
2,Estudiante_2,46,Femenino,Colombia,24,76,28,50,20,59.26,Tablet,Noche,Pregrado,No,1959,Google,0,3.4
3,Estudiante_3,32,Masculino,Colombia,19,94,42,50,81,84.99,Tablet,Tarde,Pregrado,No,2631,Google,1,9.6
4,Estudiante_4,60,Otro,México,8,105,1,50,68,64.76,Desktop,Tarde,Posgrado,No,741,Google,0,4.9
5,Estudiante_5,25,Femenino,Colombia,31,1,22,50,2,78.77,Tablet,Tarde,Pregrado,No,4069,Directo,0,4.8
6,Estudiante_6,38,Otro,Perú,21,133,18,50,86,78.79,Tablet,Mañana,Pregrado,Sí,981,Facebook,0,5.5
7,Estudiante_7,56,Masculino,Perú,17,20,30,50,89,93.28,Mobile,Mañana,Secundaria,No,4986,Facebook,0,8.3
8,Estudiante_8,36,Masculino,Chile,23,8,50,50,36,75.92,Mobile,Tarde,Posgrado,Sí,3456,Referido,1,7.2
9,Estudiante_9,40,Masculino,Perú,37,171,4,50,87,70.13,Desktop,Tarde,Posgrado,Sí,197,Facebook,0,6.0
10,Estudiante_10,28,Otro,Perú,16,1,18,50,48,48.33,Mobile,Mañana,Posgrado,No,1082,Facebook,0,4.0
11,Estudiante_11,28,Otro,México,6,57,33,50,18,46.94,Desktop,Madrugada,Pregrado,Sí,1361,Facebook,0,1.6
12,Estudiante_12,41,Masculino,Perú,8,64,9,50,88,49.26,Desktop,Mañana,Posgrado,No,437,Referido,0,5.2
13,Estudiante_13,53,Otro,Chile,25,118,24,50,84,50.31,Desktop,Mañana,Posgrado,Sí,3171,Google,0,4.9
14,Estudiante_14,57,Masculino,Argentina,18,28,1,50,11,78.27,Tablet,Mañana,Secundaria,No,1923,Facebook,0,3.0
15,Estudiante_15,41,Masculino,México,25,121,10,50,60,84.46,Mobile,Tarde,Secundaria,Sí,3638,Referido,0,5.4
16,Estudiante_16,20,Femenino,Argentina,12,107,49,50,40,71.8,Desktop,Madrugada,Secundaria,Sí,965,Referido,1,6.7
17,Estudiante_17,39,Otro,México,15,165,30,50,32,89.74,Mobile,Mañana,Pregrado,No,1928,Directo,0,4.8
18,Estudiante_18,19,Masculino,España,26,175,14,50,49,99.48,Desktop,Tarde,Posgrado,No,3798,Referido,0,4.0
19,Estudiante_19,41,Masculino,Colombia,26,165,8,50,67,89.2,Mobile,Noche,Secundaria,Sí,327,Google,0,7.5
20,Estudiante_20,61,Otro,España,32,49,22,50,70,81.69,Mobile,Noche,Secundaria,Sí,2027,Facebook,0,6.0
21,Estudiante_21,47,Femenino,Perú,10,120,18,50,85,71.95,Desktop,Mañana,Secundaria,No,1909,Referido,0,3.9
22,Estudiante_22,55,Femenino,Argentina,16,44,8,50,32,66.93,Tablet,Noche,Posgrado,Sí,3086,Google,0,6.4
23,Estudiante_23,19,Masculino,Perú,7,56,34,50,80,45.06,Mobile,Madrugada,Posgrado,No,3421,Referido,0,5.9
24,Estudiante_24,38,Otro,Colombia,17,156,20,50,23,63.96,Tablet,Noche,Posgrado,Sí,4763,Referido,0,3.5
25,Estudiante_25,50,Femenino,México,23,111,8,50,60,94.61,Tablet,Noche,Pregrado,No,2232,Referido,0,5.7
26,Estudiante_26,29,Otro,Colombia,26,134,27,50,60,88.48,Desktop,Madrugada,Pregrado,Sí,4725,Referido,0,6.6
27,Estudiante_27,39,Otro,Chile,21,108,45,50,97,52.96,Desktop,Mañana,Secundaria,No,1220,Referido,0,5.8
28,Estudiante_28,61,Masculino,Colombia,22,189,50,50,27,68.0,Desktop,Mañana,Posgrado,No,539,Google,1,6.8
29,Estudiante_29,42,Femenino,Chile,7,148,6,50,57,89.0,Mobile,Madrugada,Secundaria,Sí,2575,Facebook,0,5.3
30,Estudiante_30,44,Masculino,Colombia,14,114,15,50,42,44.04,Desktop,Madrugada,Posgrado,No,1232,Facebook,0,4.6
31,Estudiante_31,59,Femenino,Chile,15,78,15,50,40,63.24,Desktop,Madrugada,Posgrado,Sí,4529,Facebook,0,3.9
32,Estudiante_32,45,Femenino,Argentina,7,130,32,50,38,91.11,Mobile,Noche,Posgrado,No,4308,Facebook,0,6.4
33,Estudiante_33,33,Femenino,Perú,9,37,3,50,85,64.23,Mobile,Madrugada,Pregrado,No,2538,Google,0,5.0
34,Estudiante_34,32,Femenino,Perú,8,20,3,50,48,44.66,Desktop,Tarde,Pregrado,No,1926,Directo,0,6.3
35,Estudiante_35,64,Femenino,España,23,26,38,50,16,72.55,Desktop,Noche,Posgrado,Sí,2512,Directo,1,6.8
36,Estudiante_36,61,Otro,Perú,29,29,39,50,97,91.7,Desktop,Mañana,Secundaria,No,1680,Google,1,10.0
37,Estudiante_37,20,Masculino,México,18,1,16,50,69,75.42,Desktop,Mañana,Posgrado,Sí,337,Google,0,6.7
38,Estudiante_38,54,Otro,Colombia,31,119,36,50,69,53.58,Tablet,Mañana,Posgrado,No,4332,Referido,0,4.2
39,Estudiante_39,24,Femenino,España,30,35,38,50,97,63.05,Tablet,Noche,Secundaria,Sí,1957,Referido,1,8.9
40,Estudiante_40,38,Masculino,México,39,198,28,50,64,67.01,Desktop,Tarde,Posgrado,Sí,1211,Referido,0,6.2
41,Estudiante_41,26,Femenino,México,35,59,35,50,73,74.76,Tablet,Madrugada,Secundaria,Sí,179,Facebook,0,6.3
42,Estudiante_42,56,Masculino,Chile,18,69,37,50,84,85.56,Mobile,Madrugada,Pregrado,No,2413,Referido,1,9.4
43,Estudiante_43,35,Otro,Perú,39,161,38,50,4,45.93,Tablet,Mañana,Pregrado,Sí,193,Directo,0,3.2
44,Estudiante_44,21,Masculino,Argentina,17,179,49,50,1,93.38,Tablet,Mañana,Secundaria,No,65,Facebook,1,5.7
45,Estudiante_45,42,Masculino,Argentina,14,12,36,50,21,40.74,Desktop,Noche,Pregrado,Sí,294,Referido,0,1.6
46,Estudiante_46,31,Masculino,España,31,20,34,50,56,62.2,Tablet,Tarde,Pregrado,Sí,976,Facebook,0,4.0
47,Estudiante_47,26,Masculino,Argentina,24,181,6,50,65,41.65,Tablet,Madrugada,Secundaria,Sí,3228,Directo,0,4.2
48,Estudiante_48,43,Masculino,Colombia,35,43,26,50,73,63.58,Tablet,Noche,Pregrado,Sí,2226,Referido,0,5.1
49,Estudiante_49,19,Femenino,Argentina,34,126,27,50,97,71.55,Tablet,Madrugada,Posgrado,No,936,Directo,0,5.5
50,Estudiante_50,37,Masculino,España,3,50,21,50,15,70.7,Mobile,Mañana,Posgrado,Sí,390,Directo,0,4.8
51,Estudiante_51,45,Masculino,Argentina,37,29,13,50,50,49.94,Desktop,Madrugada,Secundaria,Sí,2101,Directo,0,4.3
52,Estudiante_52,64,Otro,Colombia,40,185,6,50,38,78.74,Desktop,Tarde,Pregrado,No,3448,Referido,0,5.2
53,Estudiante_53,24,Masculino,Chile,26,39,36,50,85,42.69,Mobile,Tarde,Posgrado,Sí,4000,Google,0,4.4
54,Estudiante_54,61,Otro,España,23,184,21,50,75,85.71,Tablet,Mañana,Posgrado,Sí,355,Referido,0,6.2
55,Estudiante_55,25,Femenino,Chile,39,171,4,50,87,96.8,Mobile,Tarde,Pregrado,Sí,957,Directo,0,6.6
56,Estudiante_56,64,Masculino,Chile,15,178,1,50,39,60.39,Tablet,Tarde,Pregrado,Sí,2704,Referido,0,5.1
57,Estudiante_57,52,Otro,Chile,4,151,26,50,37,71.03,Mobile,Noche,Posgrado,No,3842,Directo,0,4.0
58,Estudiante_58,31,Otro,México,29,172,20,50,59,62.73,Desktop,Madrugada,Posgrado,No,4092,Google,0,5.1
59,Estudiante_59,34,Femenino,Perú,22,38,37,50,58,40.4,Desktop,Mañana,Secundaria,Sí,1421,Facebook,0,5.4
60,Estudiante_60,53,Masculino,México,25,84,14,50,9,63.15,Desktop,Mañana,Secundaria,No,370,Google,0,3.1
61,Estudiante_61,57,Masculino,Perú,13,151,20,50,98,87.5,Tablet,Mañana,Posgrado,No,4704,Google,0,8.3
62,Estudiante_62,21,Otro,Chile,18,128,9,50,63,75.76,Tablet,Mañana,Secundaria,Sí,4109,Facebook,0,6.2
63,Estudiante_63,19,Masculino,España,33,126,22,50,62,46.08,Mobile,Mañana,Posgrado,No,1181,Referido,0,4.5
64,Estudiante_64,23,Otro,Perú,16,45,38,50,48,90.83,Mobile,Tarde,Posgrado,Sí,2628,Facebook,1,8.4
65,Estudiante_65,59,Masculino,Colombia,2,52,4,50,63,71.87,Desktop,Noche,Secundaria,No,4092,Referido,0,5.4
66,Estudiante_66,21,Otro,Colombia,35,80,0,50,31,90.5,Tablet,Mañana,Secundaria,No,3417,Referido,0,5.5
67,Estudiante_67,46,Masculino,Argentina,34,178,12,50,6,74.81,Mobile,Noche,Pregrado,No,867,Directo,0,3.4
68,Estudiante_68,35,Femenino,Perú,30,124,20,50,20,73.58,Tablet,Noche,Pregrado,Sí,61,Directo,0,4.3
69,Estudiante_69,43,Masculino,España,13,119,25,50,19,46.32,Tablet,Tarde,Pregrado,No,244,Facebook,0,2.3
70,Estudiante_70,61,Masculino,México,13,8,49,50,25,50.04,Desktop,Mañana,Posgrado,Sí,2587,Google,0,4.3
71,Estudiante_71,51,Femenino,Chile,18,85,44,50,67,98.32,Desktop,Tarde,Secundaria,Sí,2892,Facebook,1,7.2
72,Estudiante_72,27,Masculino,Argentina,32,129,20,50,85,53.71,Tablet,Mañana,Posgrado,No,2279,Referido,0,5.7
73,Estudiante_73,53,Femenino,Colombia,32,8,17,50,14,98.65,Tablet,Tarde,Secundaria,Sí,3059,Directo,0,5.7
74,Estudiante_74,31,Masculino,México,35,157,36,50,84,71.91,Tablet,Noche,Posgrado,No,4801,Facebook,1,8.4
75,Estudiante_75,48,Otro,México,39,96,44,50,78,48.15,Tablet,Mañana,Pregrado,Sí,2127,Facebook,0,5.8
76,Estudiante_76,65,Otro,Chile,29,102,31,50,85,45.96,Desktop,Madrugada,Pregrado,Sí,3917,Directo,0,4.6
77,Estudiante_77,32,Masculino,Perú,29,5,35,50,91,52.53,Mobile,Noche,Pregrado,No,4923,Directo,0,5.6
78,Estudiante_78,25,Masculino,Colombia,16,86,16,50,13,95.54,Desktop,Madrugada,Posgrado,No,493,Directo,0,3.5
79,Estudiante_79,31,Masculino,España,10,175,34,50,26,64.85,Mobile,Noche,Secundaria,No,347,Referido,0,3.6
80,Estudiante_80,40,Otro,México,30,34,48,50,39,63.73,Tablet,Tarde,Secundaria,No,4953,Directo,1,7.2
81,Estudiante_81,57,Masculino,Chile,25,193,10,50,57,58.79,Mobile,Mañana,Pregrado,Sí,894,Google,0,3.3
82,Estudiante_82,38,Otro,España,39,55,20,50,27,48.82,Desktop,Noche,Pregrado,Sí,1065,Facebook,0,3.4
83,Estudiante_83,33,Femenino,Perú,20,119,25,50,25,69.27,Desktop,Tarde,Pregrado,Sí,1434,Directo,0,3.5
84,Estudiante_84,62,Otro,Colombia,5,171,3,50,62,47.8,Tablet,Mañana,Pregrado,No,1447,Directo,0,4.1
85,Estudiante_85,35,Otro,Perú,1,158,33,50,65,90.13,Desktop,Mañana,Secundaria,Sí,603,Referido,0,5.8
86,Estudiante_86,64,Femenino,México,30,114,47,50,24,62.22,Tablet,Noche,Posgrado,No,2400,Referido,1,4.6
87,Estudiante_87,41,Otro,España,3,145,17,50,2,62.49,Desktop,Mañana,Posgrado,Sí,4566,Facebook,0,3.6
88,Estudiante_88,43,Masculino,España,14,26,39,50,71,68.44,Desktop,Noche,Posgrado,No,1319,Google,1,7.5
89,Estudiante_89,42,Masculino,España,30,136,34,50,43,66.65,Tablet,Mañana,Posgrado,Sí,1310,Facebook,0,5.2
90,Estudiante_90,62,Otro,México,4,47,40,50,96,99.69,Mobile,Madrugada,Pregrado,Sí,234,Directo,0,8.7
91,Estudiante_91,58,Masculino,México,18,113,28,50,41,72.72,Desktop,Tarde,Pregrado,No,4613,Google,0,6.1
92,Estudiante_92,46,Otro,Perú,37,76,28,50,98,45.29,Mobile,Madrugada,Pregrado,Sí,2460,Google,0,5.3
93,Estudiante_93,32,Masculino,Argentina,25,72,37,50,5,76.41,Desktop,Noche,Posgrado,No,4481,Google,1,7.2
94,Estudiante_94,62,Masculino,Perú,1,89,41,50,38,49.1,Desktop,Madrugada,Pregrado,Sí,2259,Google,0,2.6
95,Estudiante_95,18,Otro,Colombia,15,46,20,50,51,41.86,Desktop,Noche,Pregrado,Sí,3722,Facebook,0,4.5
96,Estudiante_96,42,Masculino,Chile,9,196,41,50,22,98.24,Desktop,Mañana,Secundaria,No,4733,Referido,0,6.0
97,Estudiante_97,24,Otro,España,15,33,12,50,88,86.41,Mobile,Mañana,Secundaria,No,1931,Referido,0,7.2
98,Estudiante_98,26,Masculino,Argentina,24,1,48,50,49,98.81,Mobile,Noche,Pregrado,Sí,4346,Directo,1,8.9
99,Estudiante_99,41,Masculino,Chile,4,147,40,50,42,68.67,Desktop,Madrugada,Secundaria,Sí,571,Referido,0,3.7
100,Estudiante_100,18,Femenino,Argentina,12,31,16,50,18,71.94,Desktop,Mañana,Secundaria,Sí,1937,Referido,0,2.9
101,Estudiante_101,61,Femenino,Perú,37,142,8,50,68,50.1,Mobile,Tarde,Pregrado,Sí,2602,Referido,0,6.3
102,Estudiante_102,25,Otro,México,37,53,40,50,50,54.81,Tablet,Mañana,Pregrado,Sí,3859,Referido,0,4.1
103,Estudiante_103,41,Femenino,España,6,48,0,50,10,90.31,Tablet,Tarde,Pregrado,Sí,4933,Directo,0,4.6
104,Estudiante_104,28,Otro,Perú,39,69,1,50,11,61.37,Mobile,Madrugada,Pregrado,No,4205,Facebook,0,2.3
105,Estudiante_105,34,Femenino,Chile,24,105,47,50,73,89.61,Desktop,Tarde,Posgrado,No,4723,Google,1,7.2
106,Estudiante_106,25,Masculino,Chile,11,90,28,50,7,82.54,Desktop,Tarde,Posgrado,No,4466,Referido,0,4.2
107,Estudiante_107,52,Otro,Chile,13,190,32,50,23,50.63,Tablet,Tarde,Pregrado,Sí,3529,Facebook,0,2.9
108,Estudiante_108,52,Otro,Chile,34,194,9,50,91,70.45,Tablet,Tarde,Secundaria,Sí,1459,Referido,0,6.3
109,Estudiante_109,50,Masculino,Chile,25,192,49,50,40,80.64,Mobile,Mañana,Pregrado,Sí,1744,Referido,1,7.3
110,Estudiante_110,22,Otro,Argentina,7,198,39,50,35,54.1,Tablet,Tarde,Pregrado,No,4714,Google,0,6.2
111,Estudiante_111,59,Otro,Perú,4,63,20,50,100,89.84,Mobile,Mañana,Secundaria,No,576,Google,0,7.2
112,Estudiante_112,56,Femenino,España,8,73,27,50,84,72.69,Tablet,Tarde,Posgrado,Sí,2710,Google,0,7.7
113,Estudiante_113,58,Otro,México,20,161,10,50,71,49.91,Tablet,Noche,Pregrado,Sí,2222,Referido,0,6.3
114,Estudiante_114,45,Masculino,México,29,169,33,50,54,74.98,Tablet,Madrugada,Pregrado,No,329,Referido,0,6.1
115,Estudiante_115,24,Femenino,Perú,10,89,7,50,8,99.98,Desktop,Tarde,Posgrado,No,3014,Referido,0,5.0
116,Estudiante_116,26,Femenino,Perú,34,176,21,50,46,49.03,Desktop,Noche,Posgrado,No,4027,Google,0,2.5
117,Estudiante_117,25,Masculino,México,26,13,7,50,14,89.01,Desktop,Tarde,Secundaria,Sí,2719,Directo,0,5.3
118,Estudiante_118,29,Masculino,México,3,73,48,50,47,52.44,Tablet,Tarde,Posgrado,Sí,2943,Facebook,0,5.1
119,Estudiante_119,51,Femenino,Argentina,6,77,14,50,81,86.94,Mobile,Tarde,Posgrado,Sí,1801,Directo,0,8.5
120,Estudiante_120,50,Otro,Colombia,5,159,16,50,41,84.07,Mobile,Noche,Posgrado,No,4031,Referido,0,4.5
121,Estudiante_121,65,Femenino,España,5,68,22,50,59,58.03,Mobile,Madrugada,Secundaria,No,4819,Referido,0,4.4
122,Estudiante_122,40,Masculino,Chile,23,98,23,50,83,59.55,Mobile,Noche,Posgrado,Sí,2411,Directo,0,4.5
123,Estudiante_123,41,Femenino,Colombia,9,125,44,50,69,87.55,Desktop,Madrugada,Posgrado,Sí,4477,Referido,0,5.8
124,Estudiante_124,54,Masculino,Perú,35,102,18,50,11,67.69,Desktop,Tarde,Secundaria,No,4181,Facebook,0,4.4
125,Estudiante_125,52,Femenino,México,20,132,4,50,1,83.85,Tablet,Mañana,Posgrado,Sí,1758,Referido,0,3.5
126,Estudiante_126,61,Otro,Colombia,35,102,31,50,6,48.88,Tablet,Tarde,Posgrado,No,2736,Facebook,0,1.8
127,Estudiante_127,57,Femenino,España,18,19,43,50,79,91.15,Mobile,Madrugada,Secundaria,No,2945,Directo,1,9.7
128,Estudiante_128,39,Femenino,Perú,17,198,0,50,2,82.65,Desktop,Noche,Pregrado,Sí,4585,Directo,0,4.6
129,Estudiante_129,44,Masculino,Chile,24,82,22,50,2,94.42,Mobile,Tarde,Secundaria,No,2826,Referido,0,5.1
130,Estudiante_130,52,Masculino,Chile,3,141,36,50,26,47.94,Tablet,Noche,Posgrado,Sí,1169,Facebook,0,2.5
131,Estudiante_131,18,Masculino,España,32,23,7,50,39,75.58,Tablet,Noche,Posgrado,No,3038,Referido,0,6.2
132,Estudiante_132,52,Femenino,España,35,83,12,50,32,75.95,Mobile,Noche,Posgrado,No,4309,Google,0,4.8
133,Estudiante_133,54,Otro,México,38,109,7,50,91,61.21,Tablet,Tarde,Secundaria,Sí,4293,Google,0,8.2
134,Estudiante_134,64,Masculino,Chile,13,75,22,50,0,67.51,Mobile,Noche,Posgrado,No,244,Google,0,3.5
135,Estudiante_135,31,Masculino,Perú,25,129,42,50,7,42.28,Desktop,Noche,Posgrado,Sí,712,Google,0,1.0
136,Estudiante_136,20,Femenino,Colombia,9,88,0,50,100,84.75,Mobile,Tarde,Secundaria,Sí,529,Referido,0,4.9
137,Estudiante_137,18,Masculino,Perú,4,54,44,50,31,72.96,Desktop,Noche,Pregrado,No,4268,Google,0,5.2
138,Estudiante_138,22,Otro,Argentina,14,199,50,50,47,43.46,Desktop,Tarde,Pregrado,Sí,1473,Facebook,0,4.9
139,Estudiante_139,43,Otro,Argentina,37,89,23,50,100,80.85,Tablet,Madrugada,Posgrado,Sí,2758,Directo,0,6.3
140,Estudiante_140,31,Masculino,España,34,143,34,50,3,68.01,Tablet,Madrugada,Secundaria,Sí,3225,Directo,0,5.6
141,Estudiante_141,56,Masculino,México,11,65,23,50,93,42.07,Tablet,Madrugada,Posgrado,Sí,3864,Google,0,6.6
142,Estudiante_142,44,Femenino,Argentina,3,76,16,50,69,98.18,Mobile,Noche,Secundaria,Sí,2064,Google,0,7.2
143,Estudiante_143,26,Otro,Chile,28,199,4,50,18,96.95,Mobile,Mañana,Secundaria,Sí,3839,Google,0,5.9
144,Estudiante_144,32,Otro,Perú,29,143,19,50,31,70.77,Tablet,Mañana,Pregrado,No,4855,Referido,0,5.4
145,Estudiante_145,32,Masculino,Perú,9,149,20,50,8,45.62,Mobile,Noche,Pregrado,Sí,2493,Directo,0,4.4
146,Estudiante_146,43,Femenino,España,3,147,39,50,11,85.28,Tablet,Mañana,Secundaria,No,961,Google,0,5.3
147,Estudiante_147,59,Otro,Colombia,25,60,30,50,10,69.52,Mobile,Tarde,Posgrado,No,3263,Facebook,0,4.0
148,Estudiante_148,30,Otro,España,34,93,45,50,45,58.15,Desktop,Mañana,Pregrado,Sí,2414,Google,0,4.9
149,Estudiante_149,49,Femenino,Colombia,12,161,35,50,15,69.49,Desktop,Noche,Posgrado,No,3679,Directo,0,4.5
150,Estudiante_150,56,Femenino,España,9,49,10,50,0,71.35,Tablet,Noche,Pregrado,No,3522,Google,0,4.5
151,Estudiante_151,49,Otro,España,15,35,14,50,62,73.76,Mobile,Tarde,Pregrado,Sí,730,Directo,0,4.0
152,Estudiante_152,21,Otro,España,40,172,18,50,20,66.47,Mobile,Madrugada,Posgrado,Sí,4701,Google,0,4.2
153,Estudiante_153,47,Femenino,Colombia,25,102,6,50,29,76.35,Desktop,Noche,Pregrado,Sí,659,Facebook,0,5.1
154,Estudiante_154,54,Otro,Colombia,5,11,50,50,12,95.12,Desktop,Tarde,Pregrado,No,2206,Google,0,5.0
155,Estudiante_155,40,Masculino,España,11,99,27,50,33,61.74,Tablet,Mañana,Posgrado,No,3916,Facebook,0,4.9
156,Estudiante_156,56,Masculino,Argentina,34,200,50,50,3,83.54,Desktop,Mañana,Pregrado,Sí,421,Facebook,1,8.2
157,Estudiante_157,62,Femenino,México,24,110,42,50,27,93.67,Tablet,Tarde,Pregrado,Sí,665,Google,1,7.6
158,Estudiante_158,32,Femenino,México,15,74,4,50,94,67.36,Desktop,Tarde,Pregrado,No,2303,Facebook,0,6.9
159,Estudiante_159,60,Femenino,México,38,194,4,50,58,66.61,Desktop,Noche,Posgrado,No,4992,Referido,0,6.7
160,Estudiante_160,46,Masculino,Colombia,8,174,29,50,26,76.13,Mobile,Mañana,Secundaria,No,4188,Google,0,4.7
161,Estudiante_161,53,Otro,Colombia,5,9,31,50,68,75.48,Desktop,Tarde,Posgrado,No,914,Google,0,4.9
162,Estudiante_162,30,Masculino,Argentina,26,3,7,50,24,88.4,Desktop,Mañana,Secundaria,Sí,1318,Facebook,0,5.8
163,Estudiante_163,49,Otro,México,18,85,9,50,2,68.59,Tablet,Tarde,Pregrado,No,834,Facebook,0,1.3
164,Estudiante_164,24,Masculino,México,6,26,37,50,96,99.77,Desktop,Mañana,Secundaria,No,4621,Google,0,5.6
165,Estudiante_165,39,Otro,España,37,72,46,50,67,43.57,Tablet,Madrugada,Posgrado,No,4228,Referido,0,4.5
166,Estudiante_166,45,Masculino,Colombia,13,48,31,50,24,40.19,Desktop,Noche,Posgrado,No,2287,Facebook,0,1.0
167,Estudiante_167,19,Femenino,México,28,194,47,50,19,78.41,Desktop,Mañana,Pregrado,Sí,4104,Facebook,1,5.2
168,Estudiante_168,59,Masculino,Perú,5,198,27,50,33,57.91,Tablet,Madrugada,Secundaria,Sí,4945,Directo,0,3.5
169,Estudiante_169,62,Otro,Argentina,13,156,16,50,25,54.42,Mobile,Mañana,Pregrado,No,985,Referido,0,2.7
170,Estudiante_170,23,Masculino,Perú,17,117,30,50,4,58.71,Tablet,Mañana,Pregrado,No,4030,Referido,0,2.9
171,Estudiante_171,45,Masculino,Perú,40,154,7,50,98,55.36,Tablet,Madrugada,Posgrado,Sí,2388,Google,0,6.8
172,Estudiante_172,45,Masculino,Argentina,32,153,39,50,60,41.85,Tablet,Mañana,Secundaria,Sí,375,Referido,0,4.1
173,Estudiante_173,61,Femenino,Perú,29,12,24,50,91,98.29,Mobile,Mañana,Secundaria,No,1584,Google,0,6.8
174,Estudiante_174,61,Masculino,México,3,133,8,50,92,53.24,Desktop,Noche,Secundaria,No,3530,Directo,0,6.8
175,Estudiante_175,37,Femenino,Colombia,40,48,1,50,8,84.04,Tablet,Madrugada,Secundaria,Sí,3911,Referido,0,3.0
176,Estudiante_176,47,Femenino,Argentina,34,37,14,50,49,85.76,Tablet,Madrugada,Pregrado,Sí,2035,Facebook,0,6.0
177,Estudiante_177,28,Masculino,España,40,44,49,50,5,95.76,Mobile,Tarde,Pregrado,Sí,4982,Directo,1,5.4
178,Estudiante_178,45,Masculino,Perú,27,15,2,50,82,41.83,Tablet,Mañana,Posgrado,Sí,4653,Google,0,4.8
179,Estudiante_179,42,Masculino,Argentina,13,43,48,50,59,92.32,Desktop,Noche,Pregrado,Sí,2828,Directo,1,8.1
180,Estudiante_180,56,Otro,Chile,33,176,35,50,43,71.63,Mobile,Mañana,Pregrado,Sí,1320,Google,0,6.0
181,Estudiante_181,50,Masculino,Chile,6,87,3,50,10,77.95,Desktop,Mañana,Posgrado,No,690,Directo,0,4.9
182,Estudiante_182,18,Femenino,Colombia,24,70,13,50,65,78.67,Desktop,Tarde,Posgrado,Sí,4753,Google,0,5.3
183,Estudiante_183,44,Masculino,México,19,46,40,50,46,89.19,Mobile,Mañana,Posgrado,Sí,4128,Referido,1,7.1
184,Estudiante_184,30,Otro,Colombia,16,108,40,50,72,60.0,Tablet,Noche,Pregrado,Sí,4711,Facebook,0,4.8
185,Estudiante_185,58,Masculino,Colombia,40,123,24,50,84,83.98,Desktop,Noche,Pregrado,Sí,1417,Google,0,8.6
186,Estudiante_186,20,Otro,Colombia,28,171,49,50,87,71.71,Desktop,Tarde,Posgrado,No,4092,Directo,1,9.8
187,Estudiante_187,56,Otro,Colombia,33,21,9,50,97,87.6,Desktop,Mañana,Posgrado,No,2625,Google,0,6.3
188,Estudiante_188,23,Masculino,España,13,151,20,50,85,99.43,Desktop,Noche,Posgrado,Sí,3653,Google,0,8.3
189,Estudiante_189,25,Femenino,España,25,107,35,50,2,52.04,Mobile,Mañana,Pregrado,No,1631,Google,0,1.0
190,Estudiante_190,44,Otro,Argentina,36,80,11,50,75,99.68,Mobile,Mañana,Pregrado,No,2036,Directo,0,6.8
191,Estudiante_191,26,Masculino,Chile,27,47,26,50,91,45.39,Desktop,Mañana,Secundaria,No,2290,Facebook,0,4.1
192,Estudiante_192,54,Masculino,Colombia,38,117,39,50,29,40.14,Tablet,Tarde,Pregrado,No,4016,Referido,0,3.9
193,Estudiante_193,50,Femenino,Argentina,7,124,1,50,89,42.65,Desktop,Mañana,Pregrado,No,2155,Facebook,0,3.5
194,Estudiante_194,59,Otro,Chile,5,143,12,50,20,60.51,Tablet,Noche,Pregrado,No,178,Google,0,4.1
195,Estudiante_195,61,Otro,Perú,31,25,31,50,27,77.97,Desktop,Mañana,Posgrado,Sí,4851,Directo,0,4.7
196,Estudiante_196,41,Masculino,México,23,36,30,50,89,44.14,Tablet,Noche,Pregrado,Sí,4046,Facebook,0,4.7
197,Estudiante_197,32,Masculino,España,10,51,15,50,61,40.34,Desktop,Mañana,Posgrado,Sí,901,Google,0,5.5
198,Estudiante_198,49,Femenino,Perú,32,15,31,50,32,96.23,Tablet,Noche,Secundaria,Sí,4153,Referido,0,7.5
199,Estudiante_199,49,Femenino,Chile,30,68,31,50,84,89.32,Desktop,Noche,Secundaria,Sí,2126,Referido,0,6.8
200,Estudiante_200,41,Otro,Perú,39,21,33,50,34,88.55,Desktop,Mañana,Posgrado,No,3044,Referido,0,5.1
201,Estudiante_201,58,Otro,México,31,141,10,50,51,93.07,Tablet,Mañana,Posgrado,Sí,3794,Google,0,4.7
202,Estudiante_202,29,Masculino,Chile,18,19,9,50,33,82.0,Mobile,Noche,Posgrado,Sí,2806,Directo,0,5.1
203,Estudiante_203,56,Otro,Perú,36,34,14,50,40,46.26,Tablet,Madrugada,Pregrado,No,1694,Facebook,0,5.5
204,Estudiante_204,19,Femenino,España,2,78,16,50,50,63.95,Mobile,Tarde,Secundaria,No,4421,Referido,0,4.6
205,Estudiante_205,20,Femenino,España,14,125,39,50,46,83.39,Desktop,Madrugada,Posgrado,Sí,3194,Google,1,8.3
206,Estudiante_206,54,Masculino,Argentina,13,196,17,50,81,56.82,Tablet,Madrugada,Pregrado,No,292,Google,0,3.9
207,Estudiante_207,34,Femenino,Perú,29,117,8,50,57,81.24,Tablet,Mañana,Secundaria,No,4135,Facebook,0,5.3
208,Estudiante_208,19,Femenino,Colombia,12,52,24,50,74,41.47,Tablet,Tarde,Pregrado,No,220,Referido,0,4.8
209,Estudiante_209,19,Femenino,Perú,39,27,39,50,56,58.37,Mobile,Madrugada,Secundaria,No,702,Google,0,4.7
210,Estudiante_210,45,Femenino,Chile,2,157,13,50,22,72.95,Mobile,Mañana,Pregrado,Sí,3562,Facebook,0,5.1
211,Estudiante_211,40,Masculino,Chile,32,156,24,50,47,77.93,Desktop,Madrugada,Secundaria,No,1549,Directo,0,4.7
212,Estudiante_212,54,Masculino,Perú,13,35,49,50,21,74.62,Mobile,Madrugada,Secundaria,Sí,2149,Directo,1,4.6
213,Estudiante_213,49,Otro,México,27,136,21,50,16,81.87,Mobile,Mañana,Pregrado,Sí,2208,Directo,0,5.7
214,Estudiante_214,50,Femenino,España,17,144,29,50,68,40.37,Desktop,Mañana,Posgrado,No,2022,Referido,0,3.1
215,Estudiante_215,18,Otro,Chile,40,106,19,50,10,46.06,Tablet,Mañana,Secundaria,No,3975,Facebook,0,3.1
216,Estudiante_216,36,Masculino,España,31,164,20,50,93,92.14,Tablet,Tarde,Posgrado,No,2308,Facebook,0,7.8
217,Estudiante_217,19,Masculino,Chile,34,158,43,50,14,80.9,Desktop,Madrugada,Pregrado,Sí,4089,Google,1,4.8
218,Estudiante_218,61,Masculino,Argentina,24,146,31,50,90,46.78,Tablet,Mañana,Posgrado,No,2085,Google,0,6.1
219,Estudiante_219,43,Masculino,Colombia,35,2,50,50,34,90.52,Mobile,Noche,Posgrado,No,3321,Google,1,7.0
220,Estudiante_220,49,Masculino,Chile,6,177,45,50,32,54.53,Desktop,Madrugada,Posgrado,No,907,Facebook,0,3.7
221,Estudiante_221,23,Masculino,España,19,77,48,50,83,68.7,Desktop,Noche,Posgrado,No,3873,Google,1,7.6
222,Estudiante_222,49,Masculino,Argentina,30,132,20,50,15,48.71,Desktop,Tarde,Posgrado,No,1099,Facebook,0,4.5
223,Estudiante_223,21,Femenino,Chile,7,90,34,50,33,82.61,Tablet,Mañana,Secundaria,Sí,4040,Facebook,0,6.5
224,Estudiante_224,28,Otro,México,10,89,31,50,65,80.01,Desktop,Noche,Secundaria,No,348,Directo,0,4.1
225,Estudiante_225,34,Masculino,Colombia,32,94,29,50,98,52.67,Desktop,Tarde,Secundaria,No,973,Google,0,7.8
226,Estudiante_226,55,Femenino,Chile,34,7,38,50,39,91.8,Desktop,Mañana,Pregrado,No,4282,Directo,1,7.1
227,Estudiante_227,41,Femenino,Argentina,28,95,48,50,27,64.08,Tablet,Noche,Posgrado,Sí,4356,Referido,1,8.1
228,Estudiante_228,22,Otro,México,15,108,11,50,46,57.55,Mobile,Noche,Secundaria,No,2849,Referido,0,4.0
229,Estudiante_229,51,Masculino,Perú,30,74,40,50,38,49.14,Desktop,Tarde,Pregrado,Sí,4925,Referido,0,3.3
230,Estudiante_230,23,Otro,Argentina,37,39,46,50,69,55.97,Mobile,Mañana,Secundaria,Sí,4112,Facebook,0,4.6
231,Estudiante_231,39,Masculino,Argentina,29,141,17,50,72,41.32,Tablet,Mañana,Secundaria,No,4095,Facebook,0,3.8
232,Estudiante_232,28,Femenino,México,22,159,20,50,19,75.0,Tablet,Noche,Posgrado,No,1852,Facebook,0,6.8
233,Estudiante_233,65,Femenino,Argentina,4,71,12,50,0,90.53,Tablet,Noche,Pregrado,No,2763,Google,0,4.5
234,Estudiante_234,33,Femenino,México,20,191,20,50,71,72.94,Tablet,Noche,Posgrado,Sí,4556,Directo,0,5.5
235,Estudiante_235,50,Femenino,Chile,32,56,7,50,86,53.16,Mobile,Mañana,Posgrado,Sí,2903,Facebook,0,5.3
236,Estudiante_236,26,Otro,México,36,170,45,50,62,42.02,Desktop,Tarde,Secundaria,Sí,2707,Directo,0,3.0
237,Estudiante_237,23,Masculino,México,4,189,39,50,66,52.88,Tablet,Tarde,Posgrado,Sí,4572,Directo,0,6.2
238,Estudiante_238,33,Masculino,Colombia,27,42,45,50,3,64.97,Tablet,Mañana,Pregrado,Sí,3396,Directo,1,3.9
239,Estudiante_239,46,Otro,México,17,184,6,50,57,85.58,Mobile,Madrugada,Posgrado,Sí,1521,Google,0,5.4
240,Estudiante_240,20,Masculino,México,12,36,22,50,24,51.27,Mobile,Tarde,Posgrado,No,2999,Google,0,4.2
241,Estudiante_241,37,Femenino,Perú,22,84,43,50,46,83.19,Tablet,Noche,Posgrado,No,991,Referido,1,7.6
242,Estudiante_242,53,Masculino,Chile,17,196,31,50,37,92.02,Desktop,Madrugada,Secundaria,Sí,1957,Referido,0,6.3
243,Estudiante_243,36,Femenino,Colombia,10,118,10,50,14,67.24,Desktop,Madrugada,Pregrado,No,4887,Directo,0,5.3
244,Estudiante_244,43,Otro,Perú,1,7,21,50,62,89.29,Tablet,Tarde,Secundaria,No,1293,Referido,0,7.3
245,Estudiante_245,20,Masculino,España,22,54,21,50,20,73.28,Mobile,Madrugada,Secundaria,Sí,4473,Directo,0,4.4
246,Estudiante_246,36,Otro,Chile,26,129,42,50,98,78.23,Tablet,Madrugada,Secundaria,Sí,1516,Google,1,10.0
247,Estudiante_247,37,Masculino,Chile,18,172,24,50,56,71.58,Tablet,Tarde,Secundaria,No,4007,Google,0,4.6
248,Estudiante_248,49,Femenino,España,14,120,21,50,52,67.79,Mobile,Tarde,Secundaria,Sí,2016,Google,0,4.8
249,Estudiante_249,24,Otro,México,29,173,27,50,45,54.08,Tablet,Madrugada,Pregrado,Sí,425,Facebook,0,4.0
250,Estudiante_250,58,Masculino,Perú,12,106,28,50,13,58.19,Tablet,Noche,Posgrado,No,312,Directo,0,3.2
251,Estudiante_251,50,Femenino,Argentina,36,47,12,50,99,57.4,Tablet,Mañana,Secundaria,Sí,4412,Google,0,4.8
252,Estudiante_252,57,Otro,Colombia,35,123,17,50,75,73.8,Mobile,Madrugada,Secundaria,No,3438,Directo,0,4.4
253,Estudiante_253,56,Otro,Argentina,12,141,1,50,16,47.2,Desktop,Madrugada,Pregrado,No,3445,Referido,0,3.3
254,Estudiante_254,35,Masculino,España,7,119,28,50,38,95.01,Desktop,Noche,Pregrado,No,1994,Referido,0,5.3
255,Estudiante_255,57,Masculino,Chile,29,150,20,50,8,83.24,Mobile,Madrugada,Posgrado,No,1943,Google,0,6.3
256,Estudiante_256,18,Masculino,Chile,11,118,14,50,98,64.09,Desktop,Madrugada,Pregrado,No,3684,Directo,0,6.1
257,Estudiante_257,28,Femenino,Colombia,33,21,26,50,76,49.52,Tablet,Mañana,Posgrado,Sí,1702,Google,0,4.5
258,Estudiante_258,45,Masculino,Chile,6,137,49,50,78,92.92,Desktop,Mañana,Secundaria,Sí,4191,Referido,0,8.1
259,Estudiante_259,42,Otro,Chile,15,26,30,50,81,89.43,Tablet,Mañana,Secundaria,Sí,3942,Google,0,7.3
260,Estudiante_260,40,Otro,Colombia,32,9,14,50,96,83.3,Desktop,Tarde,Posgrado,Sí,649,Directo,0,6.9
261,Estudiante_261,48,Masculino,Perú,11,15,50,50,5,56.29,Mobile,Tarde,Pregrado,No,4865,Referido,0,2.3
262,Estudiante_262,47,Masculino,Perú,23,10,22,50,90,64.15,Desktop,Mañana,Posgrado,No,1962,Facebook,0,9.6
263,Estudiante_263,59,Otro,Colombia,26,122,23,50,22,46.16,Desktop,Mañana,Pregrado,Sí,1342,Referido,0,3.3
264,Estudiante_264,52,Femenino,España,34,121,43,50,58,51.34,Desktop,Tarde,Secundaria,No,650,Facebook,0,5.4
265,Estudiante_265,24,Masculino,Chile,34,125,12,50,90,86.98,Mobile,Noche,Pregrado,Sí,430,Google,0,6.0
266,Estudiante_266,33,Masculino,Chile,29,170,21,50,97,82.9,Desktop,Madrugada,Posgrado,Sí,4263,Google,0,6.5
267,Estudiante_267,43,Otro,España,4,72,42,50,45,75.61,Mobile,Madrugada,Posgrado,Sí,3687,Directo,0,7.2
268,Estudiante_268,65,Masculino,Perú,17,152,36,50,37,93.74,Tablet,Mañana,Secundaria,No,2213,Facebook,1,9.2
269,Estudiante_269,19,Femenino,México,35,49,32,50,13,75.0,Desktop,Noche,Pregrado,No,4405,Google,0,4.6
270,Estudiante_270,18,Otro,México,13,154,2,50,99,68.02,Mobile,Tarde,Pregrado,No,1148,Facebook,0,6.0
271,Estudiante_271,65,Masculino,México,39,91,18,50,71,60.42,Mobile,Mañana,Pregrado,No,415,Google,0,4.9
272,Estudiante_272,29,Otro,Perú,15,37,22,50,61,96.43,Desktop,Noche,Secundaria,Sí,2620,Referido,0,6.0
273,Estudiante_273,22,Masculino,Perú,29,68,28,50,34,44.96,Tablet,Noche,Pregrado,No,3469,Google,0,2.1
274,Estudiante_274,54,Masculino,España,29,50,29,50,18,95.85,Mobile,Noche,Posgrado,No,2526,Directo,0,6.3
275,Estudiante_275,49,Masculino,Chile,11,152,38,50,29,89.6,Desktop,Tarde,Pregrado,No,840,Referido,1,7.9
276,Estudiante_276,26,Femenino,España,32,19,43,50,77,47.8,Tablet,Tarde,Secundaria,Sí,3619,Directo,0,5.4
277,Estudiante_277,58,Femenino,España,2,100,46,50,83,73.9,Mobile,Madrugada,Pregrado,Sí,796,Referido,0,5.8
278,Estudiante_278,52,Otro,Perú,14,60,24,50,24,91.99,Mobile,Madrugada,Pregrado,No,362,Facebook,0,5.6
279,Estudiante_279,36,Masculino,México,20,167,36,50,39,74.31,Tablet,Noche,Posgrado,No,4683,Directo,1,6.5
280,Estudiante_280,65,Masculino,Argentina,22,89,46,50,87,94.43,Tablet,Noche,Pregrado,No,970,Google,1,8.6
281,Estudiante_281,33,Femenino,Chile,11,146,7,50,13,96.58,Desktop,Tarde,Posgrado,No,1127,Facebook,0,6.9
282,Estudiante_282,20,Masculino,Perú,27,147,41,50,25,65.34,Desktop,Madrugada,Posgrado,Sí,2879,Google,1,6.1
283,Estudiante_283,37,Femenino,México,3,164,15,50,86,62.64,Mobile,Noche,Secundaria,No,2431,Referido,0,6.2
284,Estudiante_284,41,Masculino,Argentina,17,183,7,50,21,96.18,Tablet,Madrugada,Posgrado,No,3668,Referido,0,6.3
285,Estudiante_285,50,Otro,Argentina,28,69,0,50,47,80.51,Tablet,Madrugada,Posgrado,No,847,Google,0,5.6
286,Estudiante_286,41,Masculino,Perú,29,175,43,50,82,46.96,Tablet,Noche,Secundaria,Sí,4493,Google,0,5.0
287,Estudiante_287,28,Masculino,Colombia,21,49,4,50,50,42.54,Mobile,Tarde,Posgrado,Sí,322,Facebook,0,2.5
288,Estudiante_288,25,Femenino,Chile,16,108,2,50,2,73.88,Tablet,Noche,Secundaria,No,3060,Google,0,2.9
289,Estudiante_289,53,Masculino,Argentina,37,161,0,50,41,95.81,Tablet,Noche,Pregrado,No,4865,Directo,0,5.1
290,Estudiante_290,55,Masculino,Perú,20,119,3,50,18,90.65,Mobile,Madrugada,Secundaria,No,1823,Directo,0,5.7
291,Estudiante_291,57,Femenino,Perú,6,149,39,50,72,80.55,Desktop,Noche,Posgrado,No,2597,Google,0,6.3
292,Estudiante_292,37,Otro,México,19,150,34,50,27,48.35,Desktop,Tarde,Secundaria,No,3214,Directo,0,2.3
293,Estudiante_293,52,Otro,Colombia,5,176,31,50,83,55.25,Mobile,Noche,Posgrado,Sí,4830,Google,0,5.8
294,Estudiante_294,65,Femenino,Chile,3,37,41,50,44,92.53,Tablet,Tarde,Pregrado,Sí,4767,Facebook,0,6.5
295,Estudiante_295,42,Femenino,España,1,143,33,50,70,50.97,Mobile,Tarde,Secundaria,Sí,996,Directo,0,4.0
296,Estudiante_296,52,Femenino,México,38,163,42,50,77,56.71,Desktop,Madrugada,Pregrado,No,2715,Directo,0,5.1
297,Estudiante_297,42,Femenino,Argentina,15,199,24,50,62,47.78,Desktop,Mañana,Posgrado,Sí,556,Google,0,4.8
298,Estudiante_298,46,Femenino,Argentina,34,160,9,50,72,80.57,Mobile,Mañana,Posgrado,Sí,293,Directo,0,5.3
299,Estudiante_299,35,Otro,México,35,11,20,50,18,96.64,Mobile,Madrugada,Pregrado,Sí,555,Referido,0,5.9
300,Estudiante_300,63,Otro,Perú,25,138,45,50,46,56.14,Desktop,Noche,Secundaria,No,4567,Facebook,0,4.5
301,Estudiante_301,35,Femenino,Argentina,24,78,38,50,13,68.52,Mobile,Madrugada,Secundaria,No,3208,Facebook,1,4.8
302,Estudiante_302,19,Masculino,Colombia,12,77,26,50,37,78.06,Desktop,Tarde,Posgrado,Sí,3640,Directo,0,5.2
303,Estudiante_303,52,Femenino,Chile,18,185,26,50,52,99.97,Mobile,Mañana,Pregrado,No,1922,Directo,0,6.9
304,Estudiante_304,33,Masculino,Colombia,15,153,1,50,60,46.29,Mobile,Madrugada,Pregrado,Sí,3843,Referido,0,3.5
305,Estudiante_305,58,Femenino,Argentina,16,2,40,50,35,69.91,Mobile,Noche,Secundaria,Sí,1242,Referido,1,6.0
306,Estudiante_306,53,Femenino,España,27,64,47,50,39,63.11,Desktop,Madrugada,Secundaria,Sí,4475,Directo,1,5.3
307,Estudiante_307,50,Otro,Chile,8,35,12,50,80,91.95,Mobile,Mañana,Secundaria,Sí,4795,Directo,0,6.5
308,Estudiante_308,21,Masculino,Chile,25,7,8,50,29,68.56,Desktop,Madrugada,Pregrado,No,1514,Referido,0,4.3
309,Estudiante_309,50,Masculino,México,17,85,35,50,8,46.66,Desktop,Madrugada,Secundaria,No,440,Google,0,2.0
310,Estudiante_310,31,Otro,México,29,146,21,50,63,78.07,Mobile,Mañana,Secundaria,No,4526,Referido,0,4.3
311,Estudiante_311,38,Otro,España,8,67,41,50,32,86.25,Mobile,Tarde,Posgrado,No,3427,Google,0,4.6
312,Estudiante_312,65,Otro,Perú,15,42,25,50,51,40.17,Desktop,Tarde,Secundaria,Sí,4887,Facebook,0,3.1
313,Estudiante_313,37,Otro,Chile,27,118,11,50,88,91.54,Desktop,Mañana,Secundaria,No,4965,Facebook,0,8.0
314,Estudiante_314,25,Masculino,España,7,125,16,50,13,51.16,Tablet,Madrugada,Pregrado,Sí,722,Referido,0,3.5
315,Estudiante_315,24,Masculino,México,3,167,13,50,74,73.12,Desktop,Mañana,Pregrado,No,2610,Google,0,6.7
316,Estudiante_316,20,Femenino,México,29,169,13,50,52,64.95,Tablet,Tarde,Posgrado,No,1261,Referido,0,4.1
317,Estudiante_317,34,Femenino,Chile,24,24,33,50,98,83.18,Tablet,Noche,Secundaria,No,979,Referido,0,7.2
318,Estudiante_318,50,Otro,Colombia,3,188,19,50,58,62.27,Tablet,Madrugada,Posgrado,Sí,1589,Google,0,2.4
319,Estudiante_319,65,Otro,Argentina,20,46,10,50,77,92.19,Mobile,Tarde,Pregrado,Sí,962,Referido,0,7.3
320,Estudiante_320,29,Otro,México,15,19,15,50,93,83.83,Mobile,Madrugada,Posgrado,Sí,693,Facebook,0,7.6
321,Estudiante_321,39,Femenino,Perú,25,68,50,50,40,78.86,Desktop,Mañana,Pregrado,Sí,4572,Directo,1,6.8
322,Estudiante_322,39,Femenino,Perú,30,102,30,50,67,87.77,Tablet,Noche,Posgrado,No,551,Directo,0,6.7
323,Estudiante_323,63,Femenino,México,14,42,5,50,67,85.24,Mobile,Mañana,Posgrado,Sí,779,Referido,0,4.8
324,Estudiante_324,47,Femenino,Colombia,7,32,18,50,91,42.16,Mobile,Noche,Secundaria,Sí,1333,Google,0,4.0
325,Estudiante_325,55,Femenino,Colombia,17,167,36,50,7,63.68,Mobile,Madrugada,Posgrado,No,2168,Google,1,6.2
326,Estudiante_326,55,Femenino,España,20,109,3,50,1,95.85,Mobile,Madrugada,Secundaria,No,4602,Facebook,0,5.3
327,Estudiante_327,62,Femenino,Perú,36,36,46,50,85,47.54,Mobile,Mañana,Secundaria,Sí,4436,Google,0,4.5
328,Estudiante_328,25,Otro,España,9,97,3,50,40,84.23,Tablet,Noche,Secundaria,No,3886,Google,0,6.2
329,Estudiante_329,44,Otro,Perú,38,164,19,50,54,98.48,Tablet,Noche,Secundaria,Sí,969,Facebook,0,6.7
330,Estudiante_330,44,Otro,Argentina,22,131,9,50,15,43.13,Tablet,Madrugada,Posgrado,No,4100,Referido,0,2.1
331,Estudiante_331,51,Otro,Argentina,2,73,23,50,92,80.93,Tablet,Mañana,Pregrado,Sí,2389,Directo,0,6.6
332,Estudiante_332,38,Femenino,Chile,24,136,34,50,61,68.09,Desktop,Noche,Pregrado,Sí,805,Facebook,0,4.8
333,Estudiante_333,47,Masculino,España,8,97,25,50,47,74.75,Tablet,Madrugada,Pregrado,Sí,1919,Referido,0,4.0
334,Estudiante_334,50,Femenino,México,11,123,36,50,29,45.12,Mobile,Tarde,Posgrado,Sí,4522,Facebook,0,4.4
335,Estudiante_335,45,Masculino,España,13,70,37,50,11,42.58,Tablet,Mañana,Secundaria,Sí,557,Referido,0,1.9
336,Estudiante_336,64,Otro,México,17,169,20,50,34,80.01,Desktop,Tarde,Pregrado,No,1486,Facebook,0,4.2
337,Estudiante_337,50,Femenino,Colombia,8,196,39,50,10,89.4,Mobile,Mañana,Posgrado,Sí,2625,Referido,0,3.2
338,Estudiante_338,22,Otro,España,21,13,38,50,63,86.92,Tablet,Madrugada,Secundaria,Sí,3476,Facebook,1,5.6
339,Estudiante_339,65,Femenino,Colombia,18,49,20,50,49,72.63,Tablet,Noche,Pregrado,Sí,608,Referido,0,5.8
340,Estudiante_340,36,Otro,Argentina,30,60,9,50,84,45.99,Tablet,Noche,Secundaria,Sí,3152,Facebook,0,5.6
341,Estudiante_341,21,Masculino,Argentina,18,130,37,50,20,81.28,Mobile,Noche,Pregrado,Sí,4566,Directo,1,7.9
342,Estudiante_342,52,Masculino,Chile,31,188,45,50,68,54.51,Mobile,Mañana,Pregrado,No,3672,Directo,0,4.6
343,Estudiante_343,34,Masculino,España,38,5,3,50,47,94.66,Desktop,Madrugada,Pregrado,No,4449,Google,0,5.8
344,Estudiante_344,61,Femenino,Colombia,32,172,44,50,19,90.3,Mobile,Tarde,Secundaria,Sí,4107,Referido,1,6.6
345,Estudiante_345,45,Masculino,México,11,27,19,50,100,82.56,Mobile,Madrugada,Posgrado,No,3765,Facebook,0,6.7
346,Estudiante_346,47,Femenino,Argentina,25,160,16,50,66,96.93,Tablet,Tarde,Secundaria,Sí,1351,Referido,0,7.9
347,Estudiante_347,46,Masculino,Argentina,33,149,6,50,43,41.89,Mobile,Mañana,Pregrado,No,2205,Directo,0,3.4
348,Estudiante_348,63,Masculino,México,38,8,3,50,32,84.17,Tablet,Mañana,Secundaria,No,742,Referido,0,5.5
349,Estudiante_349,23,Femenino,Colombia,8,200,28,50,72,59.81,Tablet,Tarde,Posgrado,Sí,4400,Facebook,0,4.7
350,Estudiante_350,52,Femenino,Colombia,11,50,13,50,60,94.36,Mobile,Tarde,Secundaria,No,1528,Referido,0,7.8
351,Estudiante_351,58,Masculino,España,22,67,2,50,8,56.0,Desktop,Tarde,Posgrado,No,306,Facebook,0,1.1
352,Estudiante_352,54,Femenino,España,24,44,23,50,67,83.49,Desktop,Madrugada,Posgrado,Sí,2480,Directo,0,5.0
353,Estudiante_353,41,Masculino,Perú,17,125,36,50,34,92.66,Mobile,Tarde,Secundaria,Sí,491,Directo,1,8.0
354,Estudiante_354,46,Femenino,Perú,12,58,15,50,80,42.5,Desktop,Mañana,Pregrado,No,1931,Directo,0,6.3
355,Estudiante_355,63,Otro,Chile,32,3,3,50,97,63.86,Tablet,Mañana,Posgrado,No,2696,Google,0,5.9
356,Estudiante_356,48,Otro,Argentina,15,86,23,50,87,85.74,Tablet,Noche,Secundaria,No,3870,Directo,0,6.1
357,Estudiante_357,52,Otro,España,16,70,33,50,95,67.3,Mobile,Tarde,Posgrado,Sí,4727,Referido,0,7.2
358,Estudiante_358,50,Otro,Colombia,22,130,29,50,64,56.04,Desktop,Madrugada,Pregrado,No,1785,Google,0,5.0
359,Estudiante_359,38,Otro,México,28,172,17,50,7,53.19,Desktop,Madrugada,Secundaria,No,3785,Directo,0,4.2
360,Estudiante_360,49,Masculino,Colombia,20,2,18,50,44,47.89,Tablet,Madrugada,Secundaria,No,2695,Referido,0,2.4
361,Estudiante_361,40,Otro,Argentina,33,102,30,50,86,91.43,Mobile,Noche,Secundaria,Sí,68,Referido,0,8.4
362,Estudiante_362,50,Otro,Perú,10,35,18,50,46,74.52,Desktop,Mañana,Pregrado,Sí,1174,Referido,0,3.6
363,Estudiante_363,20,Otro,Colombia,40,98,48,50,39,44.58,Mobile,Madrugada,Posgrado,Sí,4035,Facebook,0,3.1
364,Estudiante_364,35,Otro,Chile,32,30,45,50,75,62.95,Desktop,Mañana,Secundaria,Sí,2704,Google,1,7.8
365,Estudiante_365,42,Femenino,Argentina,33,116,18,50,53,62.06,Tablet,Noche,Posgrado,No,2130,Referido,0,4.9
366,Estudiante_366,59,Masculino,Perú,2,8,21,50,75,50.9,Tablet,Tarde,Posgrado,Sí,1597,Facebook,0,5.9
367,Estudiante_367,48,Otro,México,33,150,23,50,45,66.13,Mobile,Tarde,Pregrado,No,911,Directo,0,2.8
368,Estudiante_368,20,Otro,Perú,33,44,44,50,46,59.93,Tablet,Tarde,Secundaria,No,204,Referido,0,4.5
369,Estudiante_369,57,Otro,Chile,13,186,11,50,14,60.51,Desktop,Madrugada,Posgrado,No,3544,Facebook,0,4.6
370,Estudiante_370,63,Masculino,Argentina,30,36,29,50,18,84.34,Tablet,Tarde,Secundaria,No,954,Referido,0,4.8
371,Estudiante_371,41,Femenino,México,33,197,37,50,25,53.4,Mobile,Madrugada,Secundaria,Sí,1319,Google,0,2.3
372,Estudiante_372,49,Masculino,Chile,13,77,30,50,51,78.51,Mobile,Noche,Pregrado,Sí,454,Google,0,6.5
373,Estudiante_373,64,Femenino,Perú,26,31,35,50,92,74.24,Mobile,Noche,Secundaria,Sí,893,Directo,0,5.8
374,Estudiante_374,39,Otro,Chile,22,47,18,50,21,74.09,Desktop,Madrugada,Secundaria,Sí,1832,Referido,0,3.5
375,Estudiante_375,40,Otro,Argentina,39,55,47,50,20,79.78,Desktop,Mañana,Posgrado,Sí,1614,Facebook,1,5.6
376,Estudiante_376,19,Masculino,España,2,106,44,50,50,72.9,Desktop,Tarde,Pregrado,No,1234,Directo,0,4.9
377,Estudiante_377,44,Masculino,Chile,38,190,35,50,37,92.76,Desktop,Tarde,Secundaria,Sí,796,Referido,0,5.9
378,Estudiante_378,59,Femenino,Chile,39,158,29,50,19,80.53,Desktop,Tarde,Posgrado,Sí,1775,Directo,0,3.3
379,Estudiante_379,19,Femenino,Perú,26,121,48,50,28,72.82,Tablet,Madrugada,Pregrado,Sí,3238,Facebook,1,5.4
380,Estudiante_380,43,Masculino,Perú,15,55,32,50,50,89.79,Desktop,Noche,Pregrado,Sí,320,Directo,0,5.3
381,Estudiante_381,34,Femenino,México,34,144,17,50,3,76.37,Desktop,Tarde,Posgrado,No,4915,Directo,0,3.0
382,Estudiante_382,57,Masculino,Perú,40,12,48,50,54,57.47,Tablet,Noche,Posgrado,No,4006,Directo,0,4.5
383,Estudiante_383,50,Femenino,Colombia,11,145,27,50,70,52.43,Desktop,Tarde,Posgrado,No,221,Referido,0,5.1
384,Estudiante_384,26,Masculino,Argentina,3,144,46,50,91,49.14,Mobile,Tarde,Posgrado,No,323,Facebook,0,5.4
385,Estudiante_385,60,Masculino,Argentina,6,140,10,50,27,93.97,Desktop,Madrugada,Posgrado,No,2356,Google,0,5.7
386,Estudiante_386,65,Masculino,España,9,136,44,50,3,82.61,Desktop,Mañana,Secundaria,Sí,1208,Referido,0,5.9
387,Estudiante_387,56,Femenino,España,6,3,32,50,21,96.24,Mobile,Madrugada,Secundaria,No,1756,Google,0,5.9
388,Estudiante_388,46,Femenino,Argentina,9,144,16,50,75,76.2,Mobile,Tarde,Pregrado,No,1821,Google,0,6.8
389,Estudiante_389,59,Femenino,España,39,30,5,50,44,68.4,Mobile,Tarde,Secundaria,No,471,Referido,0,4.3
390,Estudiante_390,43,Masculino,México,31,23,3,50,66,43.58,Mobile,Mañana,Secundaria,Sí,1259,Referido,0,5.1
391,Estudiante_391,52,Femenino,Perú,32,92,19,50,85,80.3,Desktop,Noche,Secundaria,Sí,4725,Facebook,0,6.1
392,Estudiante_392,42,Femenino,Argentina,12,115,47,50,65,74.93,Mobile,Noche,Posgrado,No,940,Facebook,1,8.1
393,Estudiante_393,41,Masculino,España,8,104,46,50,87,99.41,Mobile,Tarde,Pregrado,Sí,4867,Directo,0,6.2
394,Estudiante_394,30,Otro,Argentina,8,118,26,50,33,54.35,Tablet,Noche,Pregrado,Sí,3317,Google,0,3.9
395,Estudiante_395,24,Masculino,Colombia,28,5,14,50,90,71.84,Mobile,Tarde,Pregrado,No,1523,Facebook,0,5.3
396,Estudiante_396,53,Femenino,Chile,20,104,5,50,54,79.06,Mobile,Mañana,Pregrado,Sí,3293,Directo,0,6.5
397,Estudiante_397,62,Masculino,Perú,7,108,46,50,0,78.68,Tablet,Mañana,Secundaria,Sí,4528,Facebook,0,4.8
398,Estudiante_398,37,Otro,Argentina,11,65,13,50,71,73.68,Tablet,Tarde,Secundaria,Sí,2231,Referido,0,5.3
399,Estudiante_399,18,Masculino,Chile,20,121,10,50,86,86.62,Desktop,Mañana,Posgrado,No,1499,Facebook,0,9.0
400,Estudiante_400,25,Femenino,España,16,30,38,50,37,52.3,Tablet,Madrugada,Pregrado,No,3146,Google,0,3.4
401,Estudiante_401,63,Otro,Chile,4,149,8,50,5,83.54,Desktop,Madrugada,Secundaria,No,3306,Facebook,0,2.7
402,Estudiante_402,33,Femenino,Perú,6,84,25,50,85,77.18,Tablet,Mañana,Secundaria,Sí,3206,Google,0,5.6
403,Estudiante_403,31,Otro,Argentina,22,198,15,50,24,93.76,Tablet,Tarde,Posgrado,No,1640,Referido,0,4.4
404,Estudiante_404,29,Otro,Colombia,26,150,4,50,81,90.83,Desktop,Tarde,Posgrado,Sí,4289,Google,0,7.4
405,Estudiante_405,40,Masculino,España,3,200,9,50,16,58.91,Tablet,Mañana,Posgrado,Sí,4031,Facebook,0,2.2
406,Estudiante_406,32,Masculino,Argentina,14,32,49,50,60,56.57,Desktop,Noche,Secundaria,Sí,1485,Directo,0,4.1
407,Estudiante_407,45,Femenino,Perú,11,161,2,50,11,98.9,Tablet,Madrugada,Secundaria,No,273,Referido,0,5.6
408,Estudiante_408,51,Masculino,España,18,16,12,50,5,71.64,Mobile,Noche,Posgrado,No,269,Facebook,0,3.9
409,Estudiante_409,19,Masculino,México,12,38,42,50,89,94.39,Tablet,Tarde,Pregrado,No,4324,Referido,1,9.4
410,Estudiante_410,49,Otro,Chile,23,142,48,50,26,49.83,Desktop,Tarde,Posgrado,No,1704,Referido,0,3.4
411,Estudiante_411,40,Masculino,Perú,12,36,29,50,7,78.57,Tablet,Noche,Posgrado,Sí,4578,Facebook,0,3.8
412,Estudiante_412,39,Otro,México,13,151,44,50,82,88.59,Desktop,Mañana,Posgrado,No,314,Facebook,1,7.3
413,Estudiante_413,42,Otro,Argentina,25,114,5,50,64,96.84,Desktop,Noche,Posgrado,Sí,1003,Directo,0,6.4
414,Estudiante_414,39,Otro,Colombia,19,66,16,50,56,60.24,Mobile,Noche,Secundaria,No,4574,Referido,0,5.2
415,Estudiante_415,39,Femenino,España,36,105,44,50,92,83.5,Mobile,Madrugada,Pregrado,No,3783,Referido,1,8.8
416,Estudiante_416,59,Femenino,Chile,8,85,50,50,98,72.33,Desktop,Madrugada,Posgrado,No,2824,Facebook,0,6.9
417,Estudiante_417,23,Femenino,España,29,2,18,50,39,43.64,Tablet,Noche,Pregrado,Sí,3174,Google,0,2.8
418,Estudiante_418,32,Otro,Argentina,32,193,41,50,13,81.4,Desktop,Noche,Pregrado,Sí,529,Facebook,1,7.5
419,Estudiante_419,60,Femenino,España,18,75,34,50,34,81.41,Desktop,Tarde,Pregrado,Sí,3564,Referido,0,2.5
420,Estudiante_420,54,Femenino,Chile,6,67,45,50,47,95.84,Tablet,Madrugada,Posgrado,Sí,1403,Facebook,0,6.3
421,Estudiante_421,50,Masculino,Argentina,18,180,25,50,83,69.84,Tablet,Madrugada,Secundaria,Sí,3372,Directo,0,7.3
422,Estudiante_422,25,Femenino,España,19,190,50,50,55,53.82,Tablet,Tarde,Posgrado,No,3928,Google,0,5.8
423,Estudiante_423,61,Femenino,Colombia,22,151,4,50,48,42.67,Tablet,Mañana,Pregrado,Sí,939,Facebook,0,3.3
424,Estudiante_424,61,Otro,Perú,37,154,28,50,12,64.94,Desktop,Madrugada,Pregrado,Sí,3904,Directo,0,2.3
425,Estudiante_425,22,Otro,Argentina,32,196,36,50,60,58.12,Desktop,Madrugada,Secundaria,Sí,974,Referido,0,6.1
426,Estudiante_426,56,Otro,Perú,3,55,19,50,48,85.67,Mobile,Mañana,Posgrado,Sí,2220,Facebook,0,5.7
427,Estudiante_427,21,Otro,Argentina,28,6,48,50,45,61.26,Desktop,Madrugada,Pregrado,No,1952,Referido,1,6.3
428,Estudiante_428,23,Otro,Colombia,10,163,20,50,61,96.94,Tablet,Madrugada,Secundaria,Sí,4923,Directo,0,5.8
429,Estudiante_429,62,Otro,Perú,35,150,9,50,7,97.74,Mobile,Mañana,Pregrado,No,2445,Referido,0,3.8
430,Estudiante_430,49,Femenino,México,29,171,4,50,42,77.25,Tablet,Mañana,Secundaria,No,78,Directo,0,5.7
431,Estudiante_431,47,Otro,Chile,15,143,35,50,19,95.72,Desktop,Noche,Secundaria,No,84,Directo,0,6.0
432,Estudiante_432,64,Otro,México,33,86,5,50,96,85.65,Mobile,Tarde,Posgrado,Sí,3639,Directo,0,7.4
433,Estudiante_433,52,Masculino,España,7,60,25,50,89,72.81,Tablet,Tarde,Pregrado,No,2720,Facebook,0,5.5
434,Estudiante_434,57,Femenino,Colombia,12,101,3,50,38,50.82,Mobile,Mañana,Posgrado,Sí,3415,Referido,0,2.6
435,Estudiante_435,33,Femenino,México,30,12,38,50,84,67.52,Mobile,Mañana,Pregrado,Sí,638,Referido,1,6.5
436,Estudiante_436,30,Femenino,Argentina,21,49,38,50,48,73.65,Desktop,Madrugada,Posgrado,Sí,3268,Google,1,6.6
437,Estudiante_437,59,Otro,España,31,42,49,50,63,91.84,Tablet,Noche,Pregrado,Sí,3188,Google,1,7.5
438,Estudiante_438,47,Otro,España,24,166,34,50,61,68.88,Mobile,Noche,Posgrado,Sí,953,Google,0,3.6
439,Estudiante_439,36,Otro,México,20,82,0,50,53,93.86,Mobile,Mañana,Secundaria,No,4136,Google,0,6.9
440,Estudiante_440,34,Masculino,México,37,173,23,50,8,80.46,Tablet,Madrugada,Pregrado,No,2219,Referido,0,2.9
441,Estudiante_441,36,Otro,Colombia,4,35,35,50,87,48.22,Mobile,Madrugada,Pregrado,Sí,389,Directo,0,6.0
442,Estudiante_442,45,Masculino,Chile,28,158,5,50,36,99.7,Mobile,Tarde,Secundaria,No,4320,Directo,0,6.5
443,Estudiante_443,43,Femenino,México,20,158,40,50,48,71.63,Mobile,Tarde,Posgrado,Sí,1764,Facebook,1,7.3
444,Estudiante_444,54,Otro,México,24,134,45,50,40,63.51,Tablet,Madrugada,Pregrado,No,4742,Directo,1,8.0
445,Estudiante_445,43,Masculino,Perú,32,67,43,50,16,79.55,Tablet,Tarde,Pregrado,No,4596,Referido,1,5.2
446,Estudiante_446,40,Masculino,Argentina,36,80,30,50,87,46.53,Tablet,Mañana,Posgrado,No,606,Referido,0,5.8
447,Estudiante_447,26,Otro,Perú,34,7,19,50,20,78.19,Tablet,Madrugada,Secundaria,No,3137,Referido,0,4.2
448,Estudiante_448,29,Femenino,Perú,36,180,23,50,50,69.89,Desktop,Tarde,Posgrado,No,3316,Facebook,0,7.6
449,Estudiante_449,18,Femenino,España,2,14,24,50,58,64.4,Mobile,Noche,Posgrado,Sí,3617,Google,0,4.6
450,Estudiante_450,18,Femenino,Chile,15,73,35,50,38,97.18,Tablet,Madrugada,Posgrado,Sí,2106,Directo,0,5.5
451,Estudiante_451,64,Masculino,Argentina,34,143,20,50,54,71.35,Mobile,Madrugada,Pregrado,No,3949,Referido,0,5.6
452,Estudiante_452,51,Masculino,Colombia,36,149,29,50,40,53.15,Mobile,Noche,Secundaria,Sí,1066,Referido,0,3.6
453,Estudiante_453,49,Masculino,Colombia,6,163,23,50,38,67.54,Desktop,Mañana,Secundaria,No,2112,Google,0,3.8
454,Estudiante_454,65,Masculino,México,39,66,43,50,12,95.16,Tablet,Noche,Posgrado,Sí,888,Referido,1,6.1
455,Estudiante_455,42,Femenino,México,12,91,41,50,63,50.57,Tablet,Madrugada,Pregrado,No,1687,Directo,0,5.9
456,Estudiante_456,57,Otro,Colombia,3,130,29,50,10,52.84,Mobile,Mañana,Posgrado,No,4371,Facebook,0,1.8
457,Estudiante_457,62,Masculino,México,18,163,21,50,18,40.78,Tablet,Tarde,Pregrado,No,3546,Referido,0,2.8
458,Estudiante_458,18,Masculino,Chile,40,20,27,50,10,40.85,Mobile,Tarde,Pregrado,Sí,1863,Directo,0,3.4
459,Estudiante_459,33,Femenino,Perú,21,10,6,50,76,89.76,Mobile,Tarde,Pregrado,Sí,3529,Referido,0,7.9
460,Estudiante_460,56,Otro,México,15,25,34,50,45,83.93,Desktop,Madrugada,Pregrado,No,1501,Google,0,4.9
461,Estudiante_461,22,Otro,España,33,194,27,50,44,61.3,Desktop,Noche,Secundaria,No,2363,Referido,0,4.2
462,Estudiante_462,39,Femenino,México,35,25,13,50,0,81.9,Desktop,Mañana,Pregrado,Sí,1564,Referido,0,3.7
463,Estudiante_463,46,Femenino,Argentina,26,54,9,50,39,63.71,Mobile,Tarde,Pregrado,Sí,1281,Facebook,0,2.8
464,Estudiante_464,20,Otro,Chile,8,33,15,50,18,97.17,Tablet,Mañana,Posgrado,Sí,1695,Google,0,5.9
465,Estudiante_465,29,Masculino,Argentina,36,164,15,50,75,98.02,Desktop,Madrugada,Posgrado,Sí,3049,Google,0,7.2
466,Estudiante_466,43,Otro,Argentina,30,95,30,50,71,63.57,Tablet,Tarde,Secundaria,Sí,3490,Facebook,0,6.7
467,Estudiante_467,33,Femenino,España,23,14,41,50,71,91.25,Desktop,Madrugada,Posgrado,No,4106,Referido,1,7.9
468,Estudiante_468,54,Masculino,Chile,14,65,24,50,60,86.39,Desktop,Noche,Pregrado,Sí,355,Directo,0,7.2
469,Estudiante_469,39,Masculino,Chile,14,110,12,50,11,58.6,Mobile,Madrugada,Posgrado,No,3586,Google,0,4.4
470,Estudiante_470,46,Femenino,Chile,2,80,5,50,60,53.92,Desktop,Madrugada,Secundaria,No,1773,Google,0,4.5
471,Estudiante_471,31,Femenino,Chile,37,54,43,50,32,67.49,Desktop,Noche,Posgrado,Sí,1739,Referido,1,4.2
472,Estudiante_472,45,Femenino,Chile,5,125,8,50,44,86.88,Mobile,Mañana,Posgrado,Sí,1567,Referido,0,5.2
473,Estudiante_473,22,Otro,España,38,180,44,50,89,97.61,Tablet,Noche,Secundaria,No,3967,Google,1,10.0
474,Estudiante_474,64,Otro,México,14,131,35,50,91,85.81,Desktop,Noche,Secundaria,Sí,469,Referido,0,7.3
475,Estudiante_475,47,Masculino,Argentina,39,169,42,50,68,91.31,Mobile,Madrugada,Pregrado,No,2986,Directo,1,9.3
476,Estudiante_476,63,Femenino,Chile,25,134,19,50,7,76.18,Desktop,Mañana,Posgrado,Sí,3912,Google,0,3.9
477,Estudiante_477,22,Masculino,México,20,25,17,50,24,90.12,Mobile,Tarde,Pregrado,Sí,4279,Directo,0,5.0
478,Estudiante_478,29,Masculino,México,2,141,42,50,90,87.07,Tablet,Noche,Posgrado,Sí,1500,Directo,0,5.2
479,Estudiante_479,33,Masculino,Argentina,39,117,20,50,45,62.62,Tablet,Mañana,Posgrado,No,3146,Referido,0,5.3
480,Estudiante_480,43,Masculino,España,6,136,3,50,86,73.12,Mobile,Noche,Pregrado,Sí,3311,Directo,0,7.3
481,Estudiante_481,43,Femenino,Colombia,17,149,49,50,29,88.29,Mobile,Noche,Posgrado,No,1214,Referido,1,6.3
482,Estudiante_482,65,Masculino,Colombia,25,196,32,50,46,42.76,Mobile,Noche,Posgrado,Sí,1919,Facebook,0,3.3
483,Estudiante_483,38,Femenino,México,28,25,26,50,86,88.48,Tablet,Noche,Posgrado,No,1869,Referido,0,6.7
484,Estudiante_484,56,Femenino,Perú,2,79,6,50,48,50.67,Desktop,Madrugada,Secundaria,Sí,2755,Directo,0,4.4
485,Estudiante_485,53,Otro,Perú,35,68,5,50,46,70.88,Tablet,Mañana,Pregrado,No,3565,Facebook,0,4.4
486,Estudiante_486,50,Femenino,Argentina,37,173,14,50,83,88.5,Mobile,Mañana,Secundaria,No,1392,Referido,0,7.8
487,Estudiante_487,47,Otro,Colombia,5,188,17,50,81,55.23,Mobile,Mañana,Pregrado,No,2276,Directo,0,5.3
488,Estudiante_488,54,Femenino,México,1,12,31,50,17,54.75,Tablet,Noche,Pregrado,No,1129,Google,0,1.0
489,Estudiante_489,40,Femenino,España,40,32,10,50,65,64.17,Mobile,Madrugada,Posgrado,No,4256,Google,0,5.6
490,Estudiante_490,27,Femenino,Colombia,12,128,19,50,67,93.68,Tablet,Noche,Pregrado,No,4613,Referido,0,7.7
491,Estudiante_491,22,Otro,México,36,96,23,50,93,40.03,Mobile,Noche,Secundaria,Sí,2829,Referido,0,3.6
492,Estudiante_492,53,Otro,México,23,92,14,50,32,94.08,Desktop,Mañana,Secundaria,No,2578,Google,0,6.1
493,Estudiante_493,51,Masculino,Chile,31,141,47,50,35,49.23,Desktop,Noche,Secundaria,No,863,Directo,0,5.3
494,Estudiante_494,48,Otro,España,11,31,6,50,81,99.41,Mobile,Tarde,Pregrado,No,2081,Directo,0,7.5
495,Estudiante_495,27,Otro,Chile,10,78,20,50,100,97.29,Tablet,Noche,Secundaria,Sí,372,Directo,0,9.0
496,Estudiante_496,36,Otro,Argentina,3,20,41,50,18,69.68,Desktop,Tarde,Pregrado,Sí,3019,Referido,0,3.6
497,Estudiante_497,49,Otro,Chile,14,146,25,50,27,70.76,Tablet,Noche,Secundaria,Sí,953,Facebook,0,4.3
498,Estudiante_498,18,Masculino,Chile,16,60,43,50,39,68.89,Mobile,Madrugada,Secundaria,No,1591,Facebook,1,6.4
499,Estudiante_499,22,Otro,Colombia,10,191,13,50,83,78.13,Tablet,Madrugada,Pregrado,Sí,3553,Facebook,0,6.0
500,Estudiante_500,62,Femenino,Perú,29,134,36,50,96,45.44,Desktop,Mañana,Secundaria,Sí,2703,Facebook,0,5.0
